id,title,media_type,original_title,release_date,year,format,genre,director,rating,user_rating,tmdb_id,tmdb_media_type,tmdb_url,poster_path,backdrop_path,overview,trailer_url,runtime,upc,location,notes,season_number,episode_number,episode_title,network,type_details,series_id,space_id,library_id,import_source,added_by,created_at,updated_at,signed_by,signed_role,signed_on,signed_at,signed_proof_path,cast_members,owned_formats,estimated_value_low,estimated_value_mid,estimated_value_high,valuation_currency,valuation_source,valuation_last_updated,tv_season_count,tv_completed_season_count,tv_all_seasons_completed,cast
4862,(1982) Destroyer Duck 1,book,,1980-01-01T00:00:00.000Z,1980,Digital,"Comic books, strips, etc",,,,,movie,http://10.22.50.100:8083/opds/download/785/epub/,http://10.22.50.100:8083/opds/cover/785,,,,,,,,,,,,"{""provider_name"":""cwa_opds"",""calibre_entry_id"":""urn:uuid:15a6effe-75cf-4072-a9fa-298dfcf3adcf"",""provider_item_id"":""urn:uuid:15a6effe-75cf-4072-a9fa-298dfcf3adcf"",""calibre_external_url"":""http://10.22.50.100:8083/opds/download/785/epub/"",""provider_external_url"":""http://10.22.50.100:8083/opds/download/785/epub/""}",,1,7,cwa_opds,1,2026-03-12T04:55:04.335Z,2026-04-06T06:35:42.527Z,,,,,,,"[""digital""]",,,,,,,0,0,false,
4865,(1984) Epic Illustrated 27,book,,,,Digital,,,,,,movie,http://10.22.50.100:8083/opds/download/776/epub/,http://10.22.50.100:8083/opds/cover/776,,,,,,,,,,,,"{""provider_name"":""cwa_opds"",""calibre_entry_id"":""urn:uuid:aacbdcd8-19d3-459e-a0f7-11c68f4fe5da"",""provider_item_id"":""urn:uuid:aacbdcd8-19d3-459e-a0f7-11c68f4fe5da"",""calibre_external_url"":""http://10.22.50.100:8083/opds/download/776/epub/"",""provider_external_url"":""http://10.22.50.100:8083/opds/download/776/epub/""}",,1,7,cwa_opds,1,2026-03-12T04:55:05.206Z,2026-04-06T06:35:42.527Z,,,,,,,"[""digital""]",,,,,,,0,0,false,
4866,(1984) Groo - Eclipse Special,book,,1984-01-01T00:00:00.000Z,1984,Digital,,,,,,movie,http://10.22.50.100:8083/opds/download/774/epub/,http://10.22.50.100:8083/opds/cover/774,,,,,,,,,,,,"{""author"":""Fox Chase Cancer Center"",""provider_name"":""cwa_opds"",""calibre_entry_id"":""urn:uuid:f973c5fe-1c20-4e0d-bea4-66df91c52484"",""provider_item_id"":""urn:uuid:f973c5fe-1c20-4e0d-bea4-66df91c52484"",""calibre_external_url"":""http://10.22.50.100:8083/opds/download/774/epub/"",""provider_external_url"":""http://10.22.50.100:8083/opds/download/774/epub/""}",,1,7,cwa_opds,1,2026-03-12T04:55:05.751Z,2026-04-06T06:35:42.527Z,,,,,,,"[""digital""]",,,,,,,0,0,false,
4867,(1985) Marvel Age v1 024,book,,,,Digital,,,,,,movie,http://10.22.50.100:8083/opds/download/813/epub/,http://10.22.50.100:8083/opds/cover/813,,,,,,,,,,,,"{""isbn"":""9788410510173"",""provider_name"":""cwa_opds"",""calibre_entry_id"":""urn:uuid:18666f30-1a94-496c-b665-a64724800617"",""provider_item_id"":""urn:uuid:18666f30-1a94-496c-b665-a64724800617"",""calibre_external_url"":""http://10.22.50.100:8083/opds/download/813/epub/"",""provider_external_url"":""http://10.22.50.100:8083/opds/download/813/epub/""}",,1,7,cwa_opds,1,2026-03-12T04:55:06.051Z,2026-04-06T06:35:42.527Z,,,,,,,"[""digital""]",,,,,,,0,0,false,
4868,(1987) Death of Groo The Wanderer,book,,2002-01-01T00:00:00.000Z,2002,Digital,Graphic novels,,,,,movie,http://10.22.50.100:8083/opds/download/814/epub/,http://10.22.50.100:8083/opds/cover/814,,,,,,,,,,,,"{""isbn"":""9780936211749"",""author"":""Mark Evanier, Stan Sakai, Tom Luth"",""provider_name"":""cwa_opds"",""calibre_entry_id"":""urn:uuid:e1a846f1-86f4-4c67-938a-7d09f0035b60"",""provider_item_id"":""urn:uuid:e1a846f1-86f4-4c67-938a-7d09f0035b60"",""calibre_external_url"":""http://10.22.50.100:8083/opds/download/814/epub/"",""provider_external_url"":""http://10.22.50.100:8083/opds/download/814/epub/""}",,1,7,cwa_opds,1,2026-03-12T04:55:06.399Z,2026-04-06T06:35:42.527Z,,,,,,,"[""digital""]",,,,,,,0,0,false,
4869,(1987) Marvel Age v1 049,book,,,,Digital,,,,,,movie,http://10.22.50.100:8083/opds/download/810/epub/,http://10.22.50.100:8083/opds/cover/810,,,,,,,,,,,,"{""provider_name"":""cwa_opds"",""calibre_entry_id"":""urn:uuid:939e93b0-47a3-43ae-bed1-36e7c6e37abe"",""provider_item_id"":""urn:uuid:939e93b0-47a3-43ae-bed1-36e7c6e37abe"",""calibre_external_url"":""http://10.22.50.100:8083/opds/download/810/epub/"",""provider_external_url"":""http://10.22.50.100:8083/opds/download/810/epub/""}",,1,7,cwa_opds,1,2026-03-12T04:55:07.192Z,2026-04-06T06:35:42.527Z,,,,,,,"[""digital""]",,,,,,,0,0,false,
4870,(1988) Marvel Age v1 061,book,,,,Digital,,,,,,movie,http://10.22.50.100:8083/opds/download/811/epub/,http://10.22.50.100:8083/opds/cover/811,,,,,,,,,,,,"{""provider_name"":""cwa_opds"",""calibre_entry_id"":""urn:uuid:43744475-b085-42f4-9a2c-d64e5ec041e0"",""provider_item_id"":""urn:uuid:43744475-b085-42f4-9a2c-d64e5ec041e0"",""calibre_external_url"":""http://10.22.50.100:8083/opds/download/811/epub/"",""provider_external_url"":""http://10.22.50.100:8083/opds/download/811/epub/""}",,1,7,cwa_opds,1,2026-03-12T04:55:07.602Z,2026-04-06T06:35:42.527Z,,,,,,,"[""digital""]",,,,,,,0,0,false,
4871,(1989) Marvel Age v1 073,book,,,,Digital,,,,,,movie,http://10.22.50.100:8083/opds/download/809/epub/,http://10.22.50.100:8083/opds/cover/809,,,,,,,,,,,,"{""provider_name"":""cwa_opds"",""calibre_entry_id"":""urn:uuid:74ca1a39-38d8-43f0-bb72-a886320c9250"",""provider_item_id"":""urn:uuid:74ca1a39-38d8-43f0-bb72-a886320c9250"",""calibre_external_url"":""http://10.22.50.100:8083/opds/download/809/epub/"",""provider_external_url"":""http://10.22.50.100:8083/opds/download/809/epub/""}",,1,7,cwa_opds,1,2026-03-12T04:55:08.079Z,2026-04-06T06:35:42.527Z,,,,,,,"[""digital""]",,,,,,,0,0,false,
4872,(1990) )Marvel Age v1 085,book,,2024-03-06T00:00:00.000Z,2024,Digital,,,,,,movie,http://10.22.50.100:8083/opds/download/812/epub/,http://10.22.50.100:8083/opds/cover/812,,,,,,,,,,,,"{""isbn"":""9791039123532"",""provider_name"":""cwa_opds"",""calibre_entry_id"":""urn:uuid:8b663f1a-b3f4-46f1-86ab-e2f9dceaee50"",""provider_item_id"":""urn:uuid:8b663f1a-b3f4-46f1-86ab-e2f9dceaee50"",""calibre_external_url"":""http://10.22.50.100:8083/opds/download/812/epub/"",""provider_external_url"":""http://10.22.50.100:8083/opds/download/812/epub/""}",,1,7,cwa_opds,1,2026-03-12T04:55:08.950Z,2026-04-06T06:35:42.527Z,,,,,,,"[""digital""]",,,,,,,0,0,false,
4873,(1993) Life of Groo The Wanderer,book,,1990-01-01T00:00:00.000Z,1990,Digital,,,,,,movie,http://10.22.50.100:8083/opds/download/793/epub/,http://10.22.50.100:8083/opds/cover/793,,,,,,,,,,,,"{""isbn"":""9780871356420"",""author"":""Sergio Aragonés"",""publisher"":""Marvel Comics"",""provider_name"":""cwa_opds"",""calibre_entry_id"":""urn:uuid:32dc8953-fa06-4f3a-9693-c99124633eeb"",""provider_item_id"":""urn:uuid:32dc8953-fa06-4f3a-9693-c99124633eeb"",""calibre_external_url"":""http://10.22.50.100:8083/opds/download/793/epub/"",""provider_external_url"":""http://10.22.50.100:8083/opds/download/793/epub/""}",,1,7,cwa_opds,1,2026-03-12T04:55:09.348Z,2026-04-06T06:35:42.527Z,,,,,,,"[""digital""]",,,,,,,0,0,false,
4874,(1998) Wizard 78 - Groo and the Glut,book,,,,Digital,,,,,,movie,http://10.22.50.100:8083/opds/download/794/epub/,http://10.22.50.100:8083/opds/cover/794,,,,,,,,,,,,"{""provider_name"":""cwa_opds"",""calibre_entry_id"":""urn:uuid:788f4611-db51-427c-a155-ded90e6589ba"",""provider_item_id"":""urn:uuid:788f4611-db51-427c-a155-ded90e6589ba"",""calibre_external_url"":""http://10.22.50.100:8083/opds/download/794/epub/"",""provider_external_url"":""http://10.22.50.100:8083/opds/download/794/epub/""}",,1,7,cwa_opds,1,2026-03-12T04:55:10.463Z,2026-04-06T06:35:42.527Z,,,,,,,"[""digital""]",,,,,,,0,0,false,
4875,(1999) Dark Horse Presents - Annual,book,,1998-11-01T00:00:00.000Z,1998,Digital,Antiques & Collectibles,,,,,movie,http://10.22.50.100:8083/opds/download/784/epub/,http://10.22.50.100:8083/opds/cover/784,,"Featuring more than 35,000 updated prices, this easy-to-use guide covers all the new titles in the rapidly expanding comics market. 600 illustrations.",,,,,,,,,,"{""isbn"":""9780930625153"",""author"":""Alex G. Malloy"",""publisher"":""Antique Trader"",""provider_name"":""cwa_opds"",""calibre_entry_id"":""urn:uuid:116ced76-264d-4462-9d23-a932d7dae62f"",""provider_item_id"":""urn:uuid:116ced76-264d-4462-9d23-a932d7dae62f"",""calibre_external_url"":""http://10.22.50.100:8083/opds/download/784/epub/"",""provider_external_url"":""http://10.22.50.100:8083/opds/download/784/epub/""}",,1,7,cwa_opds,1,2026-03-12T04:55:11.084Z,2026-04-06T06:35:42.527Z,,,,,,,"[""digital""]",,,,,,,0,0,false,
4876,(2000) Sergio Aragones' The Groo Jamboree,book,,1998-01-01T00:00:00.000Z,1998,Digital,,,,,,movie,http://10.22.50.100:8083/opds/download/775/epub/,http://10.22.50.100:8083/opds/cover/775,,,,,,,,,,,,"{""author"":""Sergio Aragonés"",""provider_name"":""cwa_opds"",""calibre_entry_id"":""urn:uuid:fea3b858-776b-428d-b78a-0910e343bbb9"",""provider_item_id"":""urn:uuid:fea3b858-776b-428d-b78a-0910e343bbb9"",""calibre_external_url"":""http://10.22.50.100:8083/opds/download/775/epub/"",""provider_external_url"":""http://10.22.50.100:8083/opds/download/775/epub/""}",,1,7,cwa_opds,1,2026-03-12T04:55:11.661Z,2026-04-06T06:35:42.527Z,,,,,,,"[""digital""]",,,,,,,0,0,false,
4877,(2006) Dark Horse Twenty Years,book,,2006-01-01T00:00:00.000Z,2006,Digital,"Comic books, strips, etc",,,,,movie,http://10.22.50.100:8083/opds/download/782/epub/,http://10.22.50.100:8083/opds/cover/782,,Full-page drawings representing titles in the history of Dark Horse Comics' publishing.,,,,,,,,,,"{""provider_name"":""cwa_opds"",""calibre_entry_id"":""urn:uuid:ee77905c-ebf1-4079-8eaf-cce13150b382"",""provider_item_id"":""urn:uuid:ee77905c-ebf1-4079-8eaf-cce13150b382"",""calibre_external_url"":""http://10.22.50.100:8083/opds/download/782/epub/"",""provider_external_url"":""http://10.22.50.100:8083/opds/download/782/epub/""}",,1,7,cwa_opds,1,2026-03-12T04:55:12.130Z,2026-04-06T06:35:42.527Z,,,,,,,"[""digital""]",,,,,,,0,0,false,
4878,(2007) Groo 25 years special,book,,,,Digital,,,,,,movie,http://10.22.50.100:8083/opds/download/777/epub/,http://10.22.50.100:8083/opds/cover/777,,,,,,,,,,,,"{""provider_name"":""cwa_opds"",""calibre_entry_id"":""urn:uuid:021354e2-53d1-4b97-885c-db6f0fe8cb21"",""provider_item_id"":""urn:uuid:021354e2-53d1-4b97-885c-db6f0fe8cb21"",""calibre_external_url"":""http://10.22.50.100:8083/opds/download/777/epub/"",""provider_external_url"":""http://10.22.50.100:8083/opds/download/777/epub/""}",,1,7,cwa_opds,1,2026-03-12T04:55:12.713Z,2026-04-06T06:35:42.527Z,,,,,,,"[""digital""]",,,,,,,0,0,false,
4879,(2010) Groo - One For One,book,,2020-01-08T00:00:00.000Z,2020,Digital,,,,,,movie,http://10.22.50.100:8083/opds/download/792/epub/,http://10.22.50.100:8083/opds/cover/792,,"Bridal and Groom Notebook Wedding Blank College Rule with Lined Journal Notebook Learn to Write in 6in x 9in x 120 Pages Journal Book to Write Diary and Take notes. Cute portable journal for the bride. 6 x 9 size fits perfectly in purse to use for wedding ideas - thoughts - notes - plans - and to do lists. A great gift for kids and students artists - kids - adults - students and creative people! Good quality white paper. 120 pages Suitable Size (6"" x 9"")",,,,,,,,,,"{""isbn"":""9781657409842"",""author"":""Bridal and Groom Notebook Wedding Blank College Rule"",""provider_name"":""cwa_opds"",""calibre_entry_id"":""urn:uuid:6e20bf12-6687-442a-b485-07a5a0a78449"",""provider_item_id"":""urn:uuid:6e20bf12-6687-442a-b485-07a5a0a78449"",""calibre_external_url"":""http://10.22.50.100:8083/opds/download/792/epub/"",""provider_external_url"":""http://10.22.50.100:8083/opds/download/792/epub/""}",,1,7,cwa_opds,1,2026-03-12T04:55:13.322Z,2026-04-06T06:35:42.527Z,,,,,,,"[""digital""]",,,,,,,0,0,false,
7251,All Creatures Great and Small,book,,1998-04-15T00:00:00.000Z,1998,Digital,Biography & Autobiography,,,,,,,http://books.google.com/books/content?id=jPC2WRMZezQC&printsec=frontcover&img=1&zoom=1&edge=curl&source=gbs_api,,James Herriot reads from his books.,,,076783006997,,,,,,,"{""isbn"":""9780312965785"",""author"":""James Herriot"",""publisher"":""Macmillan""}",,1,7,manual,1,2026-04-05T04:25:18.842Z,2026-04-06T06:35:42.527Z,,,,,,,"[""digital""]",,,,,,,0,0,false,
7190,Alpha Flight by John Byrne Omnibus [new Printing],book,,2023-10-24T00:00:00.000Z,2023,Hardcover,Comics & Graphic Novels,,,,,,,http://books.google.com/books/content?id=oFWnzwEACAAJ&printsec=frontcover&img=1&zoom=1&source=gbs_api,,"Legendary writer/artist John Byrne steers one of his greatest creations to glory! Exploding from the pages of X-MEN, Canada's premier super-team takes the Marvel Universe by storm before starring in its own Byrne-helmed series! Guardian, Shaman, Snowbird, Sasquatch, Aurora, Northstar, Puck and Marrina fight to protect Canada from injustice and evil - including the Master of the World, the maniacal alchemist Diablo and the terrifying Great Beasts! But they'll face their darkest defeat at the hands of rival Omega Flight. And when an Alphan falls, can the team fight on? Plus: Loki! The Hulk! And more! Collecting X-MEN (1963) #109, #120-121 and #139-140; INCREDIBLE HULK (1968) #272, #313 and ANNUAL #8; MACHINE MAN (1978) #18; MARVEL TWO-IN-ONE (1974) #83-84; ALPHA FLIGHT (1983) #1-29; X-MEN AND ALPHA FLIGHT (1985) #1-2; X-MEN/ALPHA FLIGHT (1998) #1-2; and material from MARVEL TEAM-UP ANNUAL #7.",,,9781302952716,,,,,,,"{""isbn"":""9781302952716"",""author"":""John Byrne, Marvel Various"",""edition"":""Hardcover"",""publisher"":""Marvel Universe""}",,1,7,manual,1,2026-04-02T02:34:51.408Z,2026-04-06T06:35:42.527Z,,,,,,,"[""hardcover""]",,,,,,,0,0,false,
7252,Alpha Flight by Mantlo and Lee Omnibus Jim Lee Cover,book,,2026-01-06T00:00:00.000Z,2026,Hardcover,Comics & Graphic Novels,,,,,,,http://books.google.com/books/content?id=nZNH0QEACAAJ&printsec=frontcover&img=1&zoom=1&source=gbs_api,,"Longtime Marvel writer Bill Mantlo teamed with rising star Jim Lee on a storied and never-before-collected run with Alpha Flight, Canada's premier super-team! Alpha Flight has a new home: Mansion Alpha! From this technologically advanced base, the team protects its nation from threats like Scramble, Deadly Ernest and the Great Beasts! Heather Hudson suits up as the new Vindicator and seeks out her old friend Wolverine to train her as a super hero! Meanwhile, Attuma pursues former Alphan Marrina, and it will take the combined forces of Alpha Flight and the Avengers to save her -- if she even wants to be saved! The persuasive Purple Girl joins Beta Flight, the trickster god Loki makes for a legendary opponent and Bedlam causes carnage for Department H! Even if the team can defeat this powerful foe from James Hudson's past, it won't be without a terrible cost -- and a dimension-hopping adventure may lead to the end of Alpha Flight as we know it! COLLECTING: Alpha Flight (1983) 30-70, Alpha Flight Annual (1986) 1-2, Avengers (1963) 272, Marvel Fanfare (1982) 28",,,9781302965389,,,,,,,"{""isbn"":""9781302965389"",""author"":""Bill Mantlo, James Hudnall"",""edition"":""Hardcover"",""publisher"":""Marvel Universe""}",,1,7,manual,1,2026-04-05T04:28:42.164Z,2026-04-06T06:35:42.527Z,,,,,,,"[""hardcover""]",,,,,,,0,0,false,
635,The Art of Guardians of the Galaxy,book,,2014-01-01T00:00:00.000Z,2014,Digital,Comics & Graphic Novels,"Javins, Marie",,,,movie,http://books.google.com/books?id=k2oJngEACAAJ&dq=isbn:9780785185536&hl=&source=gbs_api,http://books.google.com/books/content?id=k2oJngEACAAJ&printsec=frontcover&img=1&zoom=1&source=gbs_api,,"Continuing their popular ART OF series of movie tie-in books, Marvel presents its latest blockbuster achievement! Featuring exclusive concept artwork, behind-the-scenes photographs, production stills, and in-depth interviews with the cast and crew, MARVEL'S GUARDIANS OF THE GALAXY: THE ART OF THE MOVIE is a deluxe keepsake volume that provides an insider's look into the making of the highly anti cipated film directed by James Gunn, and starring Chris Pratt , Zoe Saldana, Dave Bautista, featuring Vin Diesel as the voice of Groot, Bradley Cooper as the voice of Rocket, with John C. Reilly, Glenn Close as Commander Rael and Benicio Del Toro as the Collector.",,,9780785185536,,Edition: SLP,,,,,"{""isbn"":""0785185534"",""author"":""Javins, Marie"",""edition"":""SLP"",""publisher"":""Marvel""}",,1,7,csv_delicious,1,2026-03-08T04:48:27.272Z,2026-04-18T05:18:44.347Z,,,,,,,"[""digital""]",,,,,,,0,0,false,
641,The Art of Guardians of the Galaxy 2,book,,2017-05-02T00:00:00.000Z,2017,Digital,Comics & Graphic Novels,"Johnston, Jacob",,,,movie,http://books.google.com/books?id=bNpbvgAACAAJ&dq=isbn:9781302902704&hl=&source=gbs_api,http://books.google.com/books/content?id=bNpbvgAACAAJ&printsec=frontcover&img=1&zoom=1&source=gbs_api,,"The Guardians are back! After saving the universe, Star-Lord, Gamora, Drax, Rocket and Groot find themselves with expunged records and a new mandate: Guard what needs guarding. Now, go inside the studio in this new collectible volume! Discover exclusive concept art, production stills, and commentary from cast and crew-including returning director James Gunn and Marvel's extraordinary Visual Development team. Complete your ART OF THE MOVIE collection with this latest installment as the Guardians soar to new heights!",,,9781302902704,,Edition: Slp,,,,,"{""isbn"":""9781302902704"",""author"":""Johnston, Jacob"",""edition"":""Slp"",""publisher"":""Marvel""}",,1,7,csv_delicious,1,2026-03-08T04:48:31.121Z,2026-04-18T05:28:49.379Z,,,,,,,"[""digital""]",,,,,,,0,0,false,
608,The Bad Movie Bible: The Ultimate Modern Guide to Movies That Are so Bad They're Good,book,,2017-07-13T00:00:00.000Z,2017,Hardcover,Motion pictures,"Hill, Rob",,,,movie,http://books.google.com/books?id=W-QzswEACAAJ&dq=isbn:9780993240775&hl=&source=gbs_api,http://books.google.com/books/content?id=W-QzswEACAAJ&printsec=frontcover&img=1&zoom=1&source=gbs_api,,"Whether you realise it or not, you probably enjoy bad movies. If you've ever been amused by cheesy '80s action, or laughed at a shoddy horror movie monster then you've paddled in the so-bad-it's-good shallows. The deep waters beyond can be intimidating, teeming as they are with dreck. But among the unmentionables are some of the most ridiculous and enjoyable movies ever made, you just need to know where to look. Exposing good-bad action movies, science fiction and fantasy, horror - and the rest - The Bad Movie Bible includes films such as Batman & Robin, The Room, Troll 2, Miami Connection, Nick Fury: Agent of Shield, Black Devil Doll From Hell, and Hell Comes to Frogtown The Bad Movie Bible is the first in the series of light-hearted movie bibles, analysing and eulogising cinematic subcultures. AUTHORS: Author Rob Hill has worked in the visual effects and post production industry for I5 years and has written widely on cinema and genre films. He co-wrote the multimillion selling 50I Movies and his most recent work is Top I0 Lists: Movies (both for Octopus Publishing Group). Editor Emma Hill has spent the past I4 years in illustrated non-fiction, working across a variety of genres including popular culture, craft, cookery, art and travel for the UK and co-edition markets. SELLING POINTS: * Most movies aren't very good. That shouldn't be a surprise to anyone. But nor should it be a surprise that some are so bad they possess a unique appeal arising specifically from their inadequacies. This book is a celebration of, and guide to, those movies * Analysis and reviews of 101 of the best good-bad movies of the last fifty years * Exclusive interviews with heroes and villains as diverse as Dame Joan Collins and Tommy Wiseau * First-hand accounts from genre legends who explain what went wrong, and why it isn't their fault * Unique behind-the-scenes images * Future classics are exposed, old mysteries solved 240 colour photographs",,,9780993240775,,,,,,,"{""isbn"":""0993240771"",""author"":""Hill, Rob"",""publisher"":""Movie Bibles""}",,1,7,csv_delicious,1,2026-03-08T04:48:03.918Z,2026-04-18T05:24:46.732Z,,,,,,,"[""hardcover""]",,,,,,,0,0,false,
7198,Dune,book,,1965-01-01T00:00:00.000Z,1965,Digital,Fiction,,,,,,http://books.google.com/books?id=ZnwFAQAAIAAJ&dq=intitle:dune&hl=&source=gbs_api,http://books.google.com/books/content?id=ZnwFAQAAIAAJ&printsec=frontcover&img=1&zoom=1&source=gbs_api,,Paul Atreides moves with his family to the planet Dune and is forced into exile when his father's government is overthrown. The first book in the series. Copyright © Libri GmbH. All rights reserved.,,,,,,,,,,"{""author"":""Frank Herbert"",""publisher"":""Philadelphia : Chilton Books""}",,1,7,manual,1,2026-04-03T00:21:17.684Z,2026-04-06T06:35:42.527Z,,,,,,,"[""digital""]",,,,,,,0,0,false,
4881,Groo & Rufferto 02,book,,2014-01-01T00:00:00.000Z,2014,Digital,,,,,,movie,http://10.22.50.100:8083/opds/download/817/epub/,http://10.22.50.100:8083/opds/cover/817,,,,,,,,,,,,"{""author"":""Sergio Aragonés"",""provider_name"":""cwa_opds"",""calibre_entry_id"":""urn:uuid:7c1393f1-9f87-4f72-8927-a9a0c326b979"",""provider_item_id"":""urn:uuid:7c1393f1-9f87-4f72-8927-a9a0c326b979"",""calibre_external_url"":""http://10.22.50.100:8083/opds/download/817/epub/"",""provider_external_url"":""http://10.22.50.100:8083/opds/download/817/epub/""}",,1,7,cwa_opds,1,2026-03-12T05:00:15.115Z,2026-04-06T06:35:42.527Z,,,,,,,"[""digital""]",,,,,,,0,0,false,
4882,Groo & Rufferto 03,book,,1998-01-01T00:00:00.000Z,1998,Digital,Dogs,,,,,movie,http://10.22.50.100:8083/opds/download/816/epub/,http://10.22.50.100:8083/opds/cover/816,,,,,,,,,,,,"{""author"":""Sergio Aragonés, Mark Evanier"",""provider_name"":""cwa_opds"",""calibre_entry_id"":""urn:uuid:26ed6fe9-3b71-4a2f-a0ab-be271487f9a5"",""provider_item_id"":""urn:uuid:26ed6fe9-3b71-4a2f-a0ab-be271487f9a5"",""calibre_external_url"":""http://10.22.50.100:8083/opds/download/816/epub/"",""provider_external_url"":""http://10.22.50.100:8083/opds/download/816/epub/""}",,1,7,cwa_opds,1,2026-03-12T05:00:15.572Z,2026-04-06T06:35:42.527Z,,,,,,,"[""digital""]",,,,,,,0,0,false,
4883,Groo & Rufferto 04,book,,2023-01-01T00:00:00.000Z,2023,Digital,,,,,,movie,http://10.22.50.100:8083/opds/download/818/epub/,http://10.22.50.100:8083/opds/cover/818,,"Groo the Wanderer tries to figure out the dumb way human beings attempt to co-exist with animals on this planet and how to make things better. One thing is probable, though--He's going to make things worse! And if Rufferto can't save the main story, at least we have his solo back cover strip!",,,,,,,,,,"{""author"":""Sergio Aragonés, Mark Evanier"",""provider_name"":""cwa_opds"",""calibre_entry_id"":""urn:uuid:fe7a9284-7648-472e-ae4d-50e862b8dd39"",""provider_item_id"":""urn:uuid:fe7a9284-7648-472e-ae4d-50e862b8dd39"",""calibre_external_url"":""http://10.22.50.100:8083/opds/download/818/epub/"",""provider_external_url"":""http://10.22.50.100:8083/opds/download/818/epub/""}",,1,7,cwa_opds,1,2026-03-12T05:00:16.012Z,2026-04-06T06:35:42.527Z,,,,,,,"[""digital""]",,,,,,,0,0,false,
4884,Groo - Death And Taxes 01,book,,1996-01-01T00:00:00.000Z,1996,Digital,,,,,,movie,http://10.22.50.100:8083/opds/download/779/epub/,http://10.22.50.100:8083/opds/cover/779,,,,,,,,,,,,"{""author"":""Timothy Wayne Peternel"",""provider_name"":""cwa_opds"",""calibre_entry_id"":""urn:uuid:6ea4517d-529a-4ab5-874a-558140b2132d"",""provider_item_id"":""urn:uuid:6ea4517d-529a-4ab5-874a-558140b2132d"",""calibre_external_url"":""http://10.22.50.100:8083/opds/download/779/epub/"",""provider_external_url"":""http://10.22.50.100:8083/opds/download/779/epub/""}",,1,7,cwa_opds,1,2026-03-12T05:00:16.396Z,2026-04-06T06:35:42.527Z,,,,,,,"[""digital""]",,,,,,,0,0,false,
4885,Groo - Death And Taxes 02,book,,1996-01-01T00:00:00.000Z,1996,Digital,,,,,,movie,http://10.22.50.100:8083/opds/download/781/epub/,http://10.22.50.100:8083/opds/cover/781,,,,,,,,,,,,"{""author"":""Timothy Wayne Peternel"",""provider_name"":""cwa_opds"",""calibre_entry_id"":""urn:uuid:8f07502f-a821-4723-b6ad-d1643a1ded94"",""provider_item_id"":""urn:uuid:8f07502f-a821-4723-b6ad-d1643a1ded94"",""calibre_external_url"":""http://10.22.50.100:8083/opds/download/781/epub/"",""provider_external_url"":""http://10.22.50.100:8083/opds/download/781/epub/""}",,1,7,cwa_opds,1,2026-03-12T05:00:16.779Z,2026-04-06T06:35:42.527Z,,,,,,,"[""digital""]",,,,,,,0,0,false,
4886,Groo - Death And Taxes 03,book,,1996-01-01T00:00:00.000Z,1996,Digital,,,,,,movie,http://10.22.50.100:8083/opds/download/780/epub/,http://10.22.50.100:8083/opds/cover/780,,,,,,,,,,,,"{""author"":""Timothy Wayne Peternel"",""provider_name"":""cwa_opds"",""calibre_entry_id"":""urn:uuid:60757b99-c52b-4e01-b599-06878d660c47"",""provider_item_id"":""urn:uuid:60757b99-c52b-4e01-b599-06878d660c47"",""calibre_external_url"":""http://10.22.50.100:8083/opds/download/780/epub/"",""provider_external_url"":""http://10.22.50.100:8083/opds/download/780/epub/""}",,1,7,cwa_opds,1,2026-03-12T05:00:17.454Z,2026-04-06T06:35:42.527Z,,,,,,,"[""digital""]",,,,,,,0,0,false,
4887,Groo - Death And Taxes 04,book,,1996-01-01T00:00:00.000Z,1996,Digital,,,,,,movie,http://10.22.50.100:8083/opds/download/778/epub/,http://10.22.50.100:8083/opds/cover/778,,,,,,,,,,,,"{""author"":""Timothy Wayne Peternel"",""provider_name"":""cwa_opds"",""calibre_entry_id"":""urn:uuid:740d840f-bf12-44a6-959a-8cdde4a684ab"",""provider_item_id"":""urn:uuid:740d840f-bf12-44a6-959a-8cdde4a684ab"",""calibre_external_url"":""http://10.22.50.100:8083/opds/download/778/epub/"",""provider_external_url"":""http://10.22.50.100:8083/opds/download/778/epub/""}",,1,7,cwa_opds,1,2026-03-12T05:00:17.831Z,2026-04-06T06:35:42.527Z,,,,,,,"[""digital""]",,,,,,,0,0,false,
4888,Groo - Hell On Earth 01,book,,2004-12-28T00:00:00.000Z,2004,Digital,Humor,,,,,movie,http://10.22.50.100:8083/opds/download/803/epub/,http://10.22.50.100:8083/opds/cover/803,,"Groo is BACK! And, oddly enough, that might not be the biggest disaster looming over the planet. It seems that things are getting hotter everywhere . . . that is, in those places where it isn't getting colder than ever before! The usual suspectsSergio Aragones and Mark Evanieronce again join forces to bring you a sidesplitting tale of the world's stupidest barbarian. Unfortunately, there might not be much world left by the end of their story! * "". . . it goes without saying that Aragones' art is wonderful. He hasn't lost a step over the years, and may even be doing the best work of his career here . . . "" ComicsBulletin.com * ""Commemorating his 25th anniversary, Groo stands tall as a comic icon, and if you've never followed the character before, now is a good time to jump on!"" Wizard Magazine",,,,,,,,,,"{""isbn"":""9781621155386"",""author"":""Mark Evanier, Sergio Aragones"",""publisher"":""Dark Horse"",""provider_name"":""cwa_opds"",""calibre_entry_id"":""urn:uuid:374f8a30-4324-4555-814d-33f4007262e7"",""provider_item_id"":""urn:uuid:374f8a30-4324-4555-814d-33f4007262e7"",""calibre_external_url"":""http://10.22.50.100:8083/opds/download/803/epub/"",""provider_external_url"":""http://10.22.50.100:8083/opds/download/803/epub/""}",,1,7,cwa_opds,1,2026-03-12T05:00:18.485Z,2026-04-06T06:35:42.527Z,,,,,,,"[""digital""]",,,,,,,0,0,false,
4889,Groo - Hell On Earth 02,book,,2015-08-19T00:00:00.000Z,2015,Digital,Comics & Graphic Novels,,,,,movie,http://10.22.50.100:8083/opds/download/800/epub/,http://10.22.50.100:8083/opds/cover/800,,"The climate is right for more Groo. That means it's destructive and dangerous, just like the star of this miniseries. Things always get hot when Groo comes to town, but now it's getting hotter than ever. And what about the insidious ones who see this as a dandy time to cash in? Join Sergio Aragon̩s and Mark Evanier (the same guys as on every _Groo_) for the second part of this timely miniseries.",,,,,,,,,,"{""author"":""Mark Evanier"",""publisher"":""Dark Horse Comics (Single Issues)"",""provider_name"":""cwa_opds"",""calibre_entry_id"":""urn:uuid:53b8f5f3-5d27-4893-aec0-b0b738f91c49"",""provider_item_id"":""urn:uuid:53b8f5f3-5d27-4893-aec0-b0b738f91c49"",""calibre_external_url"":""http://10.22.50.100:8083/opds/download/800/epub/"",""provider_external_url"":""http://10.22.50.100:8083/opds/download/800/epub/""}",,1,7,cwa_opds,1,2026-03-12T05:00:18.815Z,2026-04-06T06:35:42.527Z,,,,,,,"[""digital""]",,,,,,,0,0,false,
4890,Groo - Mightier Than The Sword 01,book,,1937-01-01T00:00:00.000Z,1937,Digital,,,,,,movie,http://10.22.50.100:8083/opds/download/798/epub/,http://10.22.50.100:8083/opds/cover/798,,,,,,,,,,,,"{""author"":""Meredith Page, Eugene Kent, Ohio School of the Air, Scholastic Inc"",""provider_name"":""cwa_opds"",""calibre_entry_id"":""urn:uuid:cd386f33-51ae-496d-ac3c-f32e2a3a53a3"",""provider_item_id"":""urn:uuid:cd386f33-51ae-496d-ac3c-f32e2a3a53a3"",""calibre_external_url"":""http://10.22.50.100:8083/opds/download/798/epub/"",""provider_external_url"":""http://10.22.50.100:8083/opds/download/798/epub/""}",,1,7,cwa_opds,1,2026-03-12T05:00:20.147Z,2026-04-06T06:35:42.527Z,,,,,,,"[""digital""]",,,,,,,0,0,false,
4891,Groo - Mightier Than The Sword 02,book,,1937-01-01T00:00:00.000Z,1937,Digital,,,,,,movie,http://10.22.50.100:8083/opds/download/796/epub/,http://10.22.50.100:8083/opds/cover/796,,,,,,,,,,,,"{""author"":""Meredith Page, Eugene Kent, Ohio School of the Air, Scholastic Inc"",""provider_name"":""cwa_opds"",""calibre_entry_id"":""urn:uuid:296d29f9-5ec4-4a5d-90e2-c2352c21cd25"",""provider_item_id"":""urn:uuid:296d29f9-5ec4-4a5d-90e2-c2352c21cd25"",""calibre_external_url"":""http://10.22.50.100:8083/opds/download/796/epub/"",""provider_external_url"":""http://10.22.50.100:8083/opds/download/796/epub/""}",,1,7,cwa_opds,1,2026-03-12T05:00:20.496Z,2026-04-06T06:35:42.527Z,,,,,,,"[""digital""]",,,,,,,0,0,false,
4892,Groo - Mightier Than The Sword 03,book,,1937-01-01T00:00:00.000Z,1937,Digital,,,,,,movie,http://10.22.50.100:8083/opds/download/797/epub/,http://10.22.50.100:8083/opds/cover/797,,,,,,,,,,,,"{""author"":""Meredith Page, Eugene Kent, Ohio School of the Air, Scholastic Inc"",""provider_name"":""cwa_opds"",""calibre_entry_id"":""urn:uuid:3d790b91-a0df-46e8-9a79-e98a6bf8b0b1"",""provider_item_id"":""urn:uuid:3d790b91-a0df-46e8-9a79-e98a6bf8b0b1"",""calibre_external_url"":""http://10.22.50.100:8083/opds/download/797/epub/"",""provider_external_url"":""http://10.22.50.100:8083/opds/download/797/epub/""}",,1,7,cwa_opds,1,2026-03-12T05:00:20.895Z,2026-04-06T06:35:42.527Z,,,,,,,"[""digital""]",,,,,,,0,0,false,
4893,Groo - Mightier Than The Sword 04,book,,1937-01-01T00:00:00.000Z,1937,Digital,,,,,,movie,http://10.22.50.100:8083/opds/download/795/epub/,http://10.22.50.100:8083/opds/cover/795,,,,,,,,,,,,"{""author"":""Meredith Page, Eugene Kent, Ohio School of the Air, Scholastic Inc"",""provider_name"":""cwa_opds"",""calibre_entry_id"":""urn:uuid:962adf3d-3068-444f-9654-c729c8977a03"",""provider_item_id"":""urn:uuid:962adf3d-3068-444f-9654-c729c8977a03"",""calibre_external_url"":""http://10.22.50.100:8083/opds/download/795/epub/"",""provider_external_url"":""http://10.22.50.100:8083/opds/download/795/epub/""}",,1,7,cwa_opds,1,2026-03-12T05:00:21.292Z,2026-04-06T06:35:42.527Z,,,,,,,"[""digital""]",,,,,,,0,0,false,
4894,Groo - The Hogs of Hoarder - Preface,book,,2011-11-23T00:00:00.000Z,2011,Digital,Comics & Graphic Novels,,,,,movie,http://10.22.50.100:8083/opds/download/804/epub/,http://10.22.50.100:8083/opds/cover/804,,"You probably think Groo the Wanderer is the most destructive force in his world. Not so! Even at his most inept, Groo cannot destroy a village faster than the hogs of Horder. Theirs is an evil species that has existed forever, and that spreads death and annihilation to this day. They control your mind, they control your body, and worst of all, they control your _money_. So what happens when Groo comes nose to nose with them? Find out in this latest Groo miniseries from the same award-winning people who do every Groo miniseries: Sergio Aragon̩s and Mark Evanier, with the aid of Stan Sakai and Tom Luth! The prior _Groo_ miniseries, _Hell on Earth_, was nominated for the 2009 Eisner Award for Best Limited Series! **Groo the Wanderer returns!**",,,,,,,,,,"{""author"":""Mark Evanier"",""publisher"":""Dark Horse Comics (Single Issues)"",""provider_name"":""cwa_opds"",""calibre_entry_id"":""urn:uuid:fe88c311-2598-4c65-8fac-b228488761fb"",""provider_item_id"":""urn:uuid:fe88c311-2598-4c65-8fac-b228488761fb"",""calibre_external_url"":""http://10.22.50.100:8083/opds/download/804/epub/"",""provider_external_url"":""http://10.22.50.100:8083/opds/download/804/epub/""}",,1,7,cwa_opds,1,2026-03-12T05:00:21.667Z,2026-04-06T06:35:42.527Z,,,,,,,"[""digital""]",,,,,,,0,0,false,
4895,Groo - The Hogs of Horder 01,book,,2010-07-20T00:00:00.000Z,2010,Digital,Humor,,,,,movie,http://10.22.50.100:8083/opds/download/805/epub/,http://10.22.50.100:8083/opds/cover/805,,"You probably think Groo the Wanderer is the most destructive force in his world. Not so! Even at his most inept, Groo cannot destroy a village faster than the hogs of Horder. Theirs is an evil species that has existed forever and that spreads death and annihilation to this day. They control your mind, they control your body, and worst of all, they control your money. So what happens when Groo comes nose to nose with them? Find out in this latest Groo adventure! Collects the four-issue miniseries Groo: The Hogs of Horder. The prior Groo miniseries, Hell on Earth, was nominated for the 2009 Best Limited Series Eisner Award!",,,,,,,,,,"{""isbn"":""9781621152309"",""author"":""Mark Evanier"",""publisher"":""Dark Horse Comics"",""provider_name"":""cwa_opds"",""calibre_entry_id"":""urn:uuid:94e74115-d00a-4c3e-b976-0776cf3d4914"",""provider_item_id"":""urn:uuid:94e74115-d00a-4c3e-b976-0776cf3d4914"",""calibre_external_url"":""http://10.22.50.100:8083/opds/download/805/epub/"",""provider_external_url"":""http://10.22.50.100:8083/opds/download/805/epub/""}",,1,7,cwa_opds,1,2026-03-12T05:00:21.987Z,2026-04-06T06:35:42.527Z,,,,,,,"[""digital""]",,,,,,,0,0,false,
4896,Groo - The Hogs of Horder 02,book,,2015-01-01T00:00:00.000Z,2015,Digital,"Comic books, strips, etc",,,,,movie,http://10.22.50.100:8083/opds/download/806/epub/,http://10.22.50.100:8083/opds/cover/806,,,,,,,,,,,,"{""author"":""Sergio Aragonés, Mark Evanier"",""provider_name"":""cwa_opds"",""calibre_entry_id"":""urn:uuid:685e247b-8ab5-47d8-be58-27d06a785d81"",""provider_item_id"":""urn:uuid:685e247b-8ab5-47d8-be58-27d06a785d81"",""calibre_external_url"":""http://10.22.50.100:8083/opds/download/806/epub/"",""provider_external_url"":""http://10.22.50.100:8083/opds/download/806/epub/""}",,1,7,cwa_opds,1,2026-03-12T05:00:22.357Z,2026-04-06T06:35:42.527Z,,,,,,,"[""digital""]",,,,,,,0,0,false,
4897,Groo - The Hogs of Horder 03,book,,2011-11-23T00:00:00.000Z,2011,Digital,Comics & Graphic Novels,,,,,movie,http://10.22.50.100:8083/opds/download/807/epub/,http://10.22.50.100:8083/opds/cover/807,,"If you thought things were bad in the land of Groo _last_ issue, just wait. _This_ issue makes last issue look like it warranted a rousing chorus of ""Happy Days Are Here Again""! Nothing Groo the Wanderer has ever done with his swords has achieved the unparalleled destruction now wrought by the bankersan unlikely defeat indeed, and we are just as surprised as you are. This issue will make you tremble with fear and awe!",,,,,,,,,,"{""author"":""Mark Evanier"",""publisher"":""Dark Horse Comics (Single Issues)"",""provider_name"":""cwa_opds"",""calibre_entry_id"":""urn:uuid:de594101-2694-42db-8e9a-90745f50f8bd"",""provider_item_id"":""urn:uuid:de594101-2694-42db-8e9a-90745f50f8bd"",""calibre_external_url"":""http://10.22.50.100:8083/opds/download/807/epub/"",""provider_external_url"":""http://10.22.50.100:8083/opds/download/807/epub/""}",,1,7,cwa_opds,1,2026-03-12T05:00:22.714Z,2026-04-06T06:35:42.527Z,,,,,,,"[""digital""]",,,,,,,0,0,false,
4898,Groo - The Hogs of Horder 04,book,,2015-01-01T00:00:00.000Z,2015,Digital,"Comic books, strips, etc",,,,,movie,http://10.22.50.100:8083/opds/download/808/epub/,http://10.22.50.100:8083/opds/cover/808,,,,,,,,,,,,"{""author"":""Sergio Aragonés, Mark Evanier"",""provider_name"":""cwa_opds"",""calibre_entry_id"":""urn:uuid:6fd46e17-bbd9-4d5f-ab56-65e4ff3b67ee"",""provider_item_id"":""urn:uuid:6fd46e17-bbd9-4d5f-ab56-65e4ff3b67ee"",""calibre_external_url"":""http://10.22.50.100:8083/opds/download/808/epub/"",""provider_external_url"":""http://10.22.50.100:8083/opds/download/808/epub/""}",,1,7,cwa_opds,1,2026-03-12T05:00:23.051Z,2026-04-06T06:35:42.527Z,,,,,,,"[""digital""]",,,,,,,0,0,false,
738,"Heavy Metal Movies: Guitar Barbarians, Mutant Bimbos & Cult Zombies Amok in the 666 Most Ear- and Eye-Ripping Big-Scream Films Ever!",book,,2014-06-24T00:00:00.000Z,2014,Paperback,Performing Arts,"McPadden, Mike",,,,movie,"http://books.google.com/books?id=7HO_NAEACAAJ&dq=intitle:Heavy+Metal+Movies:+Guitar+Barbarians,+Mutant+Bimbos+%26+Cult+Zombies+Amok+in+the+666+Most+Ear-+and+Eye-Ripping+Big-Scream+Films+Ever!%2Binauthor:McPadden,+Mike&hl=&source=gbs_api",http://books.google.com/books/content?id=7HO_NAEACAAJ&printsec=frontcover&img=1&zoom=1&source=gbs_api,,"Wherever heavy metal has gone, heavy metal movies have followed, blazing ferocious new celluloid trails; from concert movies and trippy midnight flicks at the dawn of ""heaviosity"" through inspirational depictions of ancient times and future apocalypses to the raw hand-held video productions of today. ""Heavy Metal Movies"" rounds up, reviews, and canonizes all known incidents of the heavy metal in motion pictures, from performance films, feature documentaries, occult rock 'n' roll horror, and headbanger characters to soundtrack standouts, namesake inspirations, lyrical references, aesthetic archetypes, and more. As brash, irreverent, and visceral as both the music and the movies themselves, ""Heavy Metal Movies"" is the ultimate guidebook to the complete molten musical cinema experience.",,,,,,,,,,"{""isbn"":""9781935950066"",""author"":""McPadden, Mike"",""publisher"":""Bazillion Points LLC""}",,1,7,csv_delicious,1,2026-03-08T04:50:04.593Z,2026-04-06T06:35:42.527Z,,,,,,,"[""paperback""]",,,,,,,0,0,false,
9041,The Hobbit,book,,2012-11-08T00:00:00.000Z,2012,,Young Adult Fiction,,,,,,,http://books.google.com/books/content?id=OlCHcjX0RT4C&printsec=frontcover&img=1&zoom=1&edge=curl&source=gbs_api,,"This beautiful gift edition of The Hobbit, J.R.R. Tolkien's classic prelude to his Lord of the Rings trilogy, features cover art, illustrations, and watercolor paintings by the artist Alan Lee. Bilbo Baggins is a hobbit who enjoys a comfortable, unambitious life, rarely traveling any farther than his pantry or cellar. But his contentment is disturbed when the wizard Gandalf and a company of dwarves arrive on his doorstep one day to whisk him away on an adventure. They have launched a plot to raid the treasure hoard guarded by Smaug the Magnificent, a large and very dangerous dragon. Bilbo reluctantly joins their quest, unaware that on his journey to the Lonely Mountain he will encounter both a magic ring and a frightening creature known as Gollum. Written for J.R.R. Tolkien's own children, The Hobbit has sold many millions of copies worldwide and established itself as a modern classic.",,,,,,,,,,"{""isbn"":""9780544115552"",""author"":""J.R.R. Tolkien"",""publisher"":""HarperCollins""}",,1,7,manual,1,2026-04-24T03:57:46.642Z,2026-04-24T03:57:46.642Z,,,,,,,[],,,,,,,0,0,false,
1274,Invader Zim #1 Comics Dungeon Exclusive Variant by Vincent Perea,book,,2015-01-01T00:00:00.000Z,2015,Digital,,"Eric Trueheart, Rikki Simons",,,,movie,,,,,,,0649856000552,,Edition: 1st,,,,,"{""author"":""Eric Trueheart, Rikki Simons"",""edition"":""1st""}",,1,7,csv_delicious,1,2026-03-08T04:59:50.058Z,2026-04-06T06:35:42.527Z,,,,,,,"[""digital""]",,,,,,,0,0,false,
4905,Sergio Aragonés The Groo Chronicles Book 1,book,,1990-01-01T00:00:00.000Z,1990,Digital,"Comic books, strips, etc",,,,,movie,http://10.22.50.100:8083/opds/download/787/epub/,http://10.22.50.100:8083/opds/cover/787,,,,,,,,,,,,"{""isbn"":""9780936211183"",""author"":""Sergio Aragonés, Mark Evanier, Stan Sakai, Tom Luth, Gregory Wright"",""provider_name"":""cwa_opds"",""calibre_entry_id"":""urn:uuid:47cf8169-2ebf-4340-856f-f1ebfa10e151"",""provider_item_id"":""urn:uuid:47cf8169-2ebf-4340-856f-f1ebfa10e151"",""calibre_external_url"":""http://10.22.50.100:8083/opds/download/787/epub/"",""provider_external_url"":""http://10.22.50.100:8083/opds/download/787/epub/""}",,1,7,cwa_opds,1,2026-03-12T05:01:02.394Z,2026-04-06T06:35:42.527Z,,,,,,,"[""digital""]",,,,,,,0,0,false,
4880,Sergio Aragonés' Groo and Rufferto,book,,1999-01-01T00:00:00.000Z,1999,Digital,Dogs,,,,,,http://10.22.50.100:8083/opds/download/815/epub/,http://10.22.50.100:8083/opds/cover/815,,,,,,,,,,,,"{""author"":""Sergio Aragonés""}",,1,7,cwa_opds,1,2026-03-12T05:00:14.766Z,2026-04-16T03:59:15.223Z,,,,,,,"[""digital""]",,,,,,,0,0,false,
7192,Shift,book,,2016-01-01T00:00:00.000Z,2016,Paperback,Fiction,,,,,,,http://books.google.com/books/content?id=Qw30DwAAQBAJ&printsec=frontcover&img=1&zoom=1&edge=curl&source=gbs_api,,"""In 2007, the Center for Automation in Nanobiotech (CAN) outlined the hardware and software platforms that would one day allow robots smaller than human cells to make medical diagnoses, conduct repairs, and even self-propagate. In the same year, the CBS network re-aired a program about the effects of propranolol on sufferers of extreme trauma. A simple pill, it had been discovered, could wipe out the memory of any traumatic event. At almost the same moment in humanity's broad history, mankind discovered the means for bringing about its utter downfall. And the ability to forget it ever happened.""--",,,9780544839649,,,,,,,"{""isbn"":""9780544839649"",""author"":""Hugh Howey"",""edition"":""Paperback"",""publisher"":""William Morrow Paperbacks""}",,1,7,manual,1,2026-04-02T02:36:05.328Z,2026-04-06T06:35:42.527Z,,,,,,,"[""paperback""]",,,,,,,0,0,false,
1052,Stuck on VHS: A Visual History of Video Store Stickers,book,,2020-01-01T00:00:00.000Z,2020,Hardcover,,Josh Schafer,,,,movie,http://books.google.com/books?id=3InexwEACAAJ&dq=intitle:Stuck+on+VHS:+A+Visual+History+of+Video+Store+Stickers%2Binauthor:Josh+Schafer&hl=&source=gbs_api,,,Nostalgic journey through the VHS tapes of the past via their rental store stickers.,,,,,,,,,,"{""isbn"":""9781733333610"",""author"":""Josh Schafer""}",,1,7,csv_delicious,1,2026-03-08T04:55:47.794Z,2026-04-18T05:37:59.549Z,,,,,,,"[""hardcover""]",,,,,,,0,0,false,
7185,Wool,book,,2020-01-01T00:00:00.000Z,2020,Paperback,Fiction,,,,,,,http://books.google.com/books/content?id=Pw30DwAAQBAJ&printsec=frontcover&img=1&zoom=1&edge=curl&source=gbs_api,,"The first book in the acclaimed, New York Times best-selling trilogy, Wool is the story of a community living in an underground silo completely unaware of the fate of the outside world. When the silo's sheriff asks to leave the silo, a series of events unravels the very fabric of their fragile lives. In a world where all commodities are precious and running out, truth and hope may be the most rare...and the most needed.",,,9780358447849,,,,,,,"{""isbn"":""9780358447849"",""author"":""Hugh Howey"",""edition"":""Paperback"",""publisher"":""William Morrow Paperbacks""}",,1,7,manual,1,2026-04-01T03:23:36.138Z,2026-04-18T05:37:17.527Z,,,,,,,"[""paperback""]",,,,,,,0,0,false,
7184,Wool - (Silo) by Hugh Howey (Paperback),book,,,,Digital,,,,,,,,https://covers2.booksamillion.com/covers/bam/0/35/844/784/0358447844.jpg,,,,,9780358447849,,,,,,,,,1,7,manual,1,2026-04-01T03:07:42.804Z,2026-04-06T06:35:42.527Z,,,,,,,"[""digital""]",,,,,,,0,0,false,
7181,Wool - (Silo) by Hugh Howey (Paperback),book,,,,Paperback,,,,,,,,https://covers2.booksamillion.com/covers/bam/0/35/844/784/0358447844.jpg,,,,,9780358447849,,,,,,,"{""edition"":""Theatrical""}",,1,7,manual,1,2026-04-01T02:47:51.603Z,2026-04-19T17:20:27.034Z,,,,,,,"[""digital"",""paperback""]",,,,,,,0,0,false,
